                  epoch,         train/box_loss,         train/cls_loss,         train/dfl_loss,   metrics/precision(B),      metrics/recall(B),       metrics/mAP50(B),    metrics/mAP50-95(B),           val/box_loss,           val/cls_loss,           val/dfl_loss,                 lr/pg0,                 lr/pg1,                 lr/pg2
                      0,                 2.7768,                   4.17,                 1.6478,                0.03371,                 0.0625,                0.01898,                0.00757,                 1.8032,                 4.0159,                 1.2699,                 0.0991,                 0.0001,                 0.0001
                      1,                 2.5955,                 4.0911,                 1.5905,                0.03597,                0.06636,                0.02033,                0.00853,                 1.7254,                 3.9879,                 1.2426,               0.097285,             0.00028515,             0.00028515
                      2,                 2.3605,                  4.107,                  1.461,                0.03409,                0.05823,                0.01921,                0.00774,                 1.6362,                  3.951,                 1.2055,               0.095451,              0.0004505,              0.0004505
                      3,                 2.0166,                 4.0306,                 1.3912,                0.03975,                0.06447,                0.02356,                0.00891,                 1.4947,                  3.895,                 1.1484,               0.093596,             0.00059605,             0.00059605
